"","FF","FM","MF","MM"
"strength",4.72380120718723,4.07707603016895,4.49118325932913,4.96281687243104
"density",0.539393939393939,0.438311688311688,0.491264849755416,0.55732946298984
