"","Comparison","t_value","df","p_value","ci_lower","ci_upper"
"1","MF to FF",-11.2999662202789,160,3.87256053741367e-22,-1.25503439991026,-0.881611562822657
"2","MF to FM",-9.24733456088501,160,1.40266217128055e-16,-1.01758506523171,-0.659433568308658
"3","MF to MM",-11.5540810390656,158,9.04048012852886e-23,-1.22985862538741,-0.8707703054302
