"","comparison","t_value","df","p_value","ci_lower","ci_upper"
"1","MM to FF",-0.357073681394303,158,0.721513108734241,-0.205387710010559,0.142494628249553
"2","MM to FM",2.06097647931912,158,0.0409443345531414,0.00838675850743006,0.39412896476301
"3","FF to FM",2.5068187935353,160,0.0131806387692732,0.048763735542321,0.410863593650225
