"","Comparison","V","p_value"
"1","mf to ff",263,9.88978729724121e-17
"2","mf to fm",317.5,8.74420041989141e-14
"3","mf to mm",335.5,1.55689837481876e-17
