"","comparison","V","p_value"
"1","mm to ff",1672,0.887773614182114
"2","mm to fm",2545,0.0384437091218189
"3","ff to fm",2737.5,0.015435534624707
